AA_position,variant_codon
2,AAA
3,AAA
4,AAA
5,AAA
6,AAA
7,AAA
8,AAA
9,AAA
10,AAA
11,AAA
12,AAA
13,AAA
14,AAA
15,AAA
16,AAA
17,AAA
19,AAA
20,AAA
21,AAA
22,AAA
23,AAA
24,AAA
25,AAA
26,AAA
28,AAA
29,AAA
30,AAA
31,AAA
32,AAA
33,AAA
34,AAA
35,AAA
36,AAA
37,AAA
38,AAA
39,AAA
40,AAA
41,AAA
42,AAA
43,AAA
44,AAA
45,AAA
46,AAA
47,AAA
48,AAA
49,AAA
50,AAA
51,AAA
52,AAA
53,AAA
54,AAA
55,AAA
56,AAA
57,AAA
58,AAA
59,AAA
60,AAA
61,AAA
62,AAA
63,AAA
64,AAA
65,AAA
66,AAA
67,AAA
68,AAA
69,AAA
70,AAA
71,AAA
72,AAA
73,AAA
74,AAA
75,AAA
76,AAA
77,AAA
78,AAA
79,AAA
80,AAA
81,AAA
82,AAA
83,AAA
84,AAA
85,AAA
86,AAA
87,AAA
88,AAA
89,AAA
90,AAA
91,AAA
92,AAA
93,AAA
94,AAA
95,AAA
96,AAA
97,AAA
98,AAA
99,AAA
100,AAA
101,AAA
102,AAA
103,AAA
104,AAA
105,AAA
106,AAA
107,AAA
108,AAA
109,AAA
110,AAA
112,AAA
113,AAA
114,AAA
115,AAA
117,AAA
118,AAA
119,AAA
120,AAA
121,AAA
122,AAA
123,AAA
124,AAA
125,AAA
126,AAA
127,AAA
128,AAA
129,AAA
130,AAA
131,AAA
132,AAA
133,AAA
134,AAA
135,AAA
136,AAA
137,AAA
139,AAA
140,AAA
141,AAA
142,AAA
143,AAA
144,AAA
145,AAA
146,AAA
147,AAA
148,AAA
149,AAA
150,AAA
151,AAA
152,AAA
153,AAA
154,AAA
155,AAA
156,AAA
157,AAA
158,AAA
159,AAA
160,AAA
161,AAA
162,AAA
163,AAA
164,AAA
165,AAA
166,AAA
168,AAA
169,AAA
170,AAA
172,AAA
173,AAA
174,AAA
175,AAA
176,AAA
177,AAA
178,AAA
179,AAA
180,AAA
181,AAA
183,AAA
184,AAA
185,AAA
186,AAA
187,AAA
188,AAA
189,AAA
190,AAA
191,AAA
193,AAA
194,AAA
195,AAA
196,AAA
197,AAA
198,AAA
199,AAA
200,AAA
201,AAA
202,AAA
203,AAA
204,AAA
205,AAA
206,AAA
207,AAA
208,AAA
209,AAA
210,AAA
211,AAA
213,AAA
215,AAA
216,AAA
217,AAA
218,AAA
219,AAA
2,AAC
5,AAC
13,AAC
20,AAC
22,AAC
83,AAC
108,AAC
123,AAC
154,AAC
164,AAC
173,AAC
188,AAC
195,AAC
197,AAC
203,AAC
18,AAG
27,AAG
111,AAG
116,AAG
138,AAG
167,AAG
171,AAG
182,AAG
192,AAG
212,AAG
3,AAT
4,AAT
6,AAT
7,AAT
8,AAT
9,AAT
10,AAT
11,AAT
12,AAT
14,AAT
15,AAT
16,AAT
17,AAT
18,AAT
19,AAT
21,AAT
23,AAT
24,AAT
25,AAT
26,AAT
27,AAT
28,AAT
29,AAT
30,AAT
31,AAT
32,AAT
33,AAT
34,AAT
35,AAT
36,AAT
37,AAT
38,AAT
39,AAT
40,AAT
41,AAT
42,AAT
43,AAT
44,AAT
45,AAT
46,AAT
47,AAT
48,AAT
49,AAT
50,AAT
51,AAT
52,AAT
53,AAT
54,AAT
55,AAT
56,AAT
57,AAT
58,AAT
59,AAT
60,AAT
61,AAT
62,AAT
63,AAT
64,AAT
65,AAT
66,AAT
67,AAT
68,AAT
69,AAT
70,AAT
71,AAT
72,AAT
73,AAT
74,AAT
75,AAT
76,AAT
77,AAT
78,AAT
79,AAT
80,AAT
81,AAT
82,AAT
84,AAT
85,AAT
86,AAT
87,AAT
88,AAT
89,AAT
90,AAT
91,AAT
92,AAT
93,AAT
94,AAT
95,AAT
96,AAT
97,AAT
98,AAT
99,AAT
100,AAT
101,AAT
102,AAT
103,AAT
104,AAT
105,AAT
106,AAT
107,AAT
109,AAT
110,AAT
111,AAT
112,AAT
113,AAT
114,AAT
115,AAT
116,AAT
117,AAT
118,AAT
119,AAT
120,AAT
121,AAT
122,AAT
124,AAT
125,AAT
126,AAT
127,AAT
128,AAT
129,AAT
130,AAT
131,AAT
132,AAT
133,AAT
134,AAT
135,AAT
136,AAT
137,AAT
138,AAT
139,AAT
140,AAT
141,AAT
142,AAT
143,AAT
144,AAT
145,AAT
146,AAT
147,AAT
148,AAT
149,AAT
150,AAT
151,AAT
152,AAT
153,AAT
155,AAT
156,AAT
157,AAT
158,AAT
159,AAT
160,AAT
161,AAT
162,AAT
163,AAT
165,AAT
166,AAT
167,AAT
168,AAT
169,AAT
170,AAT
171,AAT
172,AAT
174,AAT
175,AAT
176,AAT
177,AAT
178,AAT
179,AAT
180,AAT
181,AAT
182,AAT
183,AAT
184,AAT
185,AAT
186,AAT
187,AAT
189,AAT
190,AAT
191,AAT
192,AAT
193,AAT
194,AAT
196,AAT
198,AAT
199,AAT
200,AAT
201,AAT
202,AAT
204,AAT
205,AAT
206,AAT
207,AAT
208,AAT
209,AAT
210,AAT
211,AAT
212,AAT
213,AAT
214,AAT
215,AAT
216,AAT
217,AAT
218,AAT
219,AAT
132,ACA
2,ACC
3,ACC
4,ACC
5,ACC
6,ACC
7,ACC
8,ACC
9,ACC
10,ACC
11,ACC
12,ACC
13,ACC
14,ACC
15,ACC
16,ACC
17,ACC
18,ACC
19,ACC
20,ACC
21,ACC
22,ACC
23,ACC
24,ACC
25,ACC
26,ACC
27,ACC
28,ACC
29,ACC
30,ACC
31,ACC
32,ACC
33,ACC
34,ACC
35,ACC
36,ACC
37,ACC
38,ACC
39,ACC
40,ACC
41,ACC
42,ACC
43,ACC
44,ACC
45,ACC
46,ACC
47,ACC
48,ACC
49,ACC
50,ACC
51,ACC
52,ACC
53,ACC
54,ACC
55,ACC
56,ACC
57,ACC
58,ACC
59,ACC
60,ACC
61,ACC
62,ACC
63,ACC
64,ACC
65,ACC
66,ACC
67,ACC
68,ACC
69,ACC
70,ACC
71,ACC
72,ACC
73,ACC
74,ACC
75,ACC
76,ACC
77,ACC
78,ACC
79,ACC
80,ACC
81,ACC
82,ACC
83,ACC
84,ACC
85,ACC
86,ACC
87,ACC
88,ACC
89,ACC
90,ACC
91,ACC
92,ACC
93,ACC
94,ACC
95,ACC
96,ACC
97,ACC
98,ACC
99,ACC
100,ACC
101,ACC
102,ACC
103,ACC
104,ACC
105,ACC
106,ACC
107,ACC
108,ACC
109,ACC
110,ACC
111,ACC
112,ACC
113,ACC
114,ACC
115,ACC
116,ACC
117,ACC
118,ACC
119,ACC
120,ACC
121,ACC
122,ACC
123,ACC
124,ACC
125,ACC
126,ACC
127,ACC
128,ACC
129,ACC
130,ACC
131,ACC
133,ACC
134,ACC
135,ACC
136,ACC
137,ACC
138,ACC
139,ACC
140,ACC
141,ACC
142,ACC
143,ACC
144,ACC
145,ACC
146,ACC
147,ACC
148,ACC
149,ACC
150,ACC
151,ACC
152,ACC
153,ACC
154,ACC
155,ACC
156,ACC
157,ACC
158,ACC
159,ACC
160,ACC
161,ACC
162,ACC
163,ACC
164,ACC
165,ACC
166,ACC
167,ACC
168,ACC
169,ACC
170,ACC
171,ACC
172,ACC
173,ACC
174,ACC
175,ACC
176,ACC
177,ACC
178,ACC
179,ACC
180,ACC
181,ACC
182,ACC
183,ACC
184,ACC
185,ACC
186,ACC
187,ACC
188,ACC
189,ACC
190,ACC
191,ACC
192,ACC
193,ACC
194,ACC
195,ACC
196,ACC
197,ACC
198,ACC
199,ACC
200,ACC
201,ACC
202,ACC
203,ACC
204,ACC
205,ACC
206,ACC
207,ACC
208,ACC
209,ACC
210,ACC
211,ACC
212,ACC
213,ACC
214,ACC
215,ACC
216,ACC
217,ACC
218,ACC
219,ACC
2,AGC
3,AGC
4,AGC
5,AGC
6,AGC
7,AGC
8,AGC
9,AGC
10,AGC
11,AGC
12,AGC
13,AGC
14,AGC
15,AGC
16,AGC
17,AGC
18,AGC
19,AGC
20,AGC
21,AGC
22,AGC
23,AGC
24,AGC
25,AGC
26,AGC
27,AGC
28,AGC
29,AGC
30,AGC
31,AGC
32,AGC
33,AGC
34,AGC
35,AGC
36,AGC
37,AGC
38,AGC
39,AGC
40,AGC
41,AGC
42,AGC
43,AGC
44,AGC
45,AGC
46,AGC
47,AGC
48,AGC
49,AGC
51,AGC
52,AGC
53,AGC
54,AGC
56,AGC
57,AGC
58,AGC
59,AGC
60,AGC
61,AGC
62,AGC
63,AGC
64,AGC
65,AGC
66,AGC
67,AGC
68,AGC
69,AGC
71,AGC
72,AGC
73,AGC
74,AGC
75,AGC
76,AGC
77,AGC
78,AGC
80,AGC
81,AGC
82,AGC
83,AGC
84,AGC
85,AGC
86,AGC
87,AGC
88,AGC
89,AGC
90,AGC
91,AGC
92,AGC
93,AGC
94,AGC
95,AGC
96,AGC
97,AGC
98,AGC
99,AGC
100,AGC
101,AGC
102,AGC
103,AGC
104,AGC
105,AGC
106,AGC
107,AGC
108,AGC
109,AGC
110,AGC
111,AGC
112,AGC
113,AGC
114,AGC
115,AGC
116,AGC
117,AGC
118,AGC
119,AGC
120,AGC
121,AGC
122,AGC
123,AGC
124,AGC
125,AGC
126,AGC
127,AGC
128,AGC
129,AGC
130,AGC
131,AGC
132,AGC
133,AGC
134,AGC
135,AGC
136,AGC
137,AGC
138,AGC
139,AGC
140,AGC
141,AGC
142,AGC
143,AGC
144,AGC
145,AGC
146,AGC
147,AGC
148,AGC
149,AGC
150,AGC
151,AGC
152,AGC
153,AGC
154,AGC
155,AGC
156,AGC
157,AGC
158,AGC
159,AGC
160,AGC
161,AGC
162,AGC
163,AGC
164,AGC
165,AGC
166,AGC
168,AGC
169,AGC
170,AGC
171,AGC
173,AGC
174,AGC
175,AGC
176,AGC
177,AGC
178,AGC
179,AGC
180,AGC
182,AGC
184,AGC
185,AGC
186,AGC
187,AGC
188,AGC
189,AGC
190,AGC
191,AGC
192,AGC
193,AGC
194,AGC
195,AGC
196,AGC
197,AGC
198,AGC
199,AGC
200,AGC
201,AGC
202,AGC
203,AGC
204,AGC
205,AGC
206,AGC
207,AGC
208,AGC
209,AGC
210,AGC
211,AGC
212,AGC
213,AGC
214,AGC
215,AGC
216,AGC
217,AGC
218,AGC
219,AGC
14,ATC
35,ATC
62,ATC
67,ATC
74,ATC
81,ATC
119,ATC
121,ATC
133,ATC
139,ATC
145,ATC
160,ATC
164,ATC
193,ATC
194,ATC
214,ATC
2,ATG
3,ATG
4,ATG
5,ATG
6,ATG
7,ATG
8,ATG
10,ATG
11,ATG
12,ATG
13,ATG
14,ATG
15,ATG
16,ATG
17,ATG
18,ATG
19,ATG
20,ATG
21,ATG
22,ATG
23,ATG
24,ATG
25,ATG
26,ATG
27,ATG
28,ATG
29,ATG
30,ATG
31,ATG
32,ATG
33,ATG
34,ATG
35,ATG
36,ATG
37,ATG
38,ATG
39,ATG
40,ATG
41,ATG
42,ATG
43,ATG
44,ATG
45,ATG
46,ATG
47,ATG
48,ATG
49,ATG
50,ATG
51,ATG
52,ATG
53,ATG
54,ATG
55,ATG
56,ATG
57,ATG
58,ATG
59,ATG
60,ATG
61,ATG
62,ATG
63,ATG
64,ATG
65,ATG
66,ATG
67,ATG
68,ATG
69,ATG
70,ATG
71,ATG
72,ATG
73,ATG
74,ATG
75,ATG
76,ATG
77,ATG
78,ATG
79,ATG
80,ATG
81,ATG
83,ATG
84,ATG
85,ATG
86,ATG
87,ATG
88,ATG
90,ATG
91,ATG
92,ATG
93,ATG
94,ATG
95,ATG
96,ATG
97,ATG
98,ATG
99,ATG
100,ATG
102,ATG
103,ATG
104,ATG
105,ATG
106,ATG
108,ATG
109,ATG
110,ATG
111,ATG
112,ATG
113,ATG
114,ATG
115,ATG
116,ATG
117,ATG
118,ATG
119,ATG
120,ATG
121,ATG
122,ATG
123,ATG
124,ATG
125,ATG
126,ATG
127,ATG
128,ATG
129,ATG
130,ATG
131,ATG
132,ATG
133,ATG
135,ATG
136,ATG
137,ATG
138,ATG
139,ATG
140,ATG
141,ATG
142,ATG
143,ATG
144,ATG
145,ATG
146,ATG
147,ATG
148,ATG
149,ATG
150,ATG
151,ATG
152,ATG
153,ATG
154,ATG
155,ATG
156,ATG
157,ATG
158,ATG
159,ATG
160,ATG
161,ATG
162,ATG
163,ATG
164,ATG
165,ATG
166,ATG
167,ATG
168,ATG
169,ATG
170,ATG
171,ATG
172,ATG
173,ATG
174,ATG
175,ATG
176,ATG
177,ATG
178,ATG
179,ATG
180,ATG
181,ATG
182,ATG
183,ATG
184,ATG
185,ATG
186,ATG
187,ATG
188,ATG
189,ATG
190,ATG
192,ATG
193,ATG
194,ATG
195,ATG
196,ATG
197,ATG
198,ATG
199,ATG
200,ATG
201,ATG
202,ATG
203,ATG
204,ATG
205,ATG
206,ATG
207,ATG
209,ATG
210,ATG
211,ATG
212,ATG
213,ATG
214,ATG
215,ATG
216,ATG
217,ATG
218,ATG
219,ATG
2,ATT
3,ATT
4,ATT
5,ATT
6,ATT
7,ATT
8,ATT
9,ATT
10,ATT
11,ATT
12,ATT
13,ATT
15,ATT
16,ATT
17,ATT
18,ATT
19,ATT
20,ATT
21,ATT
22,ATT
23,ATT
24,ATT
25,ATT
26,ATT
27,ATT
28,ATT
29,ATT
30,ATT
31,ATT
32,ATT
33,ATT
34,ATT
36,ATT
37,ATT
38,ATT
39,ATT
40,ATT
41,ATT
42,ATT
43,ATT
44,ATT
45,ATT
46,ATT
47,ATT
48,ATT
49,ATT
50,ATT
51,ATT
52,ATT
53,ATT
54,ATT
55,ATT
56,ATT
57,ATT
58,ATT
59,ATT
60,ATT
61,ATT
63,ATT
64,ATT
65,ATT
66,ATT
68,ATT
69,ATT
70,ATT
71,ATT
72,ATT
73,ATT
75,ATT
76,ATT
77,ATT
78,ATT
79,ATT
80,ATT
82,ATT
83,ATT
84,ATT
85,ATT
86,ATT
87,ATT
88,ATT
89,ATT
90,ATT
91,ATT
92,ATT
93,ATT
94,ATT
95,ATT
96,ATT
97,ATT
98,ATT
99,ATT
100,ATT
101,ATT
102,ATT
103,ATT
104,ATT
105,ATT
106,ATT
107,ATT
108,ATT
109,ATT
110,ATT
111,ATT
112,ATT
113,ATT
114,ATT
115,ATT
116,ATT
117,ATT
118,ATT
120,ATT
122,ATT
123,ATT
124,ATT
125,ATT
126,ATT
127,ATT
128,ATT
129,ATT
130,ATT
131,ATT
132,ATT
134,ATT
135,ATT
136,ATT
137,ATT
138,ATT
140,ATT
141,ATT
142,ATT
143,ATT
144,ATT
146,ATT
147,ATT
148,ATT
149,ATT
150,ATT
151,ATT
152,ATT
153,ATT
154,ATT
155,ATT
156,ATT
157,ATT
158,ATT
159,ATT
161,ATT
162,ATT
163,ATT
165,ATT
166,ATT
167,ATT
168,ATT
169,ATT
170,ATT
171,ATT
172,ATT
173,ATT
174,ATT
175,ATT
176,ATT
177,ATT
178,ATT
179,ATT
180,ATT
181,ATT
182,ATT
183,ATT
184,ATT
185,ATT
186,ATT
187,ATT
188,ATT
189,ATT
190,ATT
191,ATT
192,ATT
195,ATT
196,ATT
197,ATT
198,ATT
199,ATT
200,ATT
201,ATT
202,ATT
203,ATT
204,ATT
205,ATT
206,ATT
207,ATT
208,ATT
209,ATT
210,ATT
211,ATT
212,ATT
213,ATT
215,ATT
216,ATT
217,ATT
218,ATT
219,ATT
9,CAA
7,CAC
58,CAC
87,CAC
97,CAC
2,CAG
3,CAG
4,CAG
5,CAG
6,CAG
7,CAG
8,CAG
10,CAG
11,CAG
12,CAG
13,CAG
14,CAG
15,CAG
16,CAG
17,CAG
18,CAG
19,CAG
20,CAG
21,CAG
22,CAG
23,CAG
24,CAG
25,CAG
26,CAG
27,CAG
28,CAG
29,CAG
30,CAG
31,CAG
32,CAG
33,CAG
34,CAG
35,CAG
36,CAG
37,CAG
38,CAG
39,CAG
40,CAG
41,CAG
42,CAG
43,CAG
44,CAG
45,CAG
46,CAG
47,CAG
48,CAG
49,CAG
50,CAG
51,CAG
52,CAG
53,CAG
54,CAG
55,CAG
56,CAG
57,CAG
58,CAG
59,CAG
60,CAG
61,CAG
62,CAG
63,CAG
64,CAG
65,CAG
66,CAG
67,CAG
68,CAG
69,CAG
70,CAG
71,CAG
72,CAG
73,CAG
74,CAG
75,CAG
76,CAG
77,CAG
78,CAG
79,CAG
80,CAG
81,CAG
82,CAG
83,CAG
84,CAG
85,CAG
86,CAG
87,CAG
88,CAG
89,CAG
90,CAG
91,CAG
92,CAG
93,CAG
94,CAG
95,CAG
96,CAG
97,CAG
98,CAG
99,CAG
100,CAG
101,CAG
102,CAG
103,CAG
104,CAG
105,CAG
106,CAG
107,CAG
108,CAG
109,CAG
110,CAG
111,CAG
112,CAG
113,CAG
114,CAG
115,CAG
116,CAG
117,CAG
118,CAG
119,CAG
120,CAG
121,CAG
122,CAG
123,CAG
124,CAG
125,CAG
126,CAG
127,CAG
128,CAG
129,CAG
130,CAG
131,CAG
132,CAG
133,CAG
134,CAG
135,CAG
136,CAG
137,CAG
138,CAG
139,CAG
140,CAG
141,CAG
142,CAG
143,CAG
144,CAG
145,CAG
146,CAG
147,CAG
148,CAG
149,CAG
150,CAG
151,CAG
152,CAG
153,CAG
154,CAG
155,CAG
156,CAG
157,CAG
158,CAG
159,CAG
160,CAG
161,CAG
162,CAG
163,CAG
164,CAG
165,CAG
166,CAG
167,CAG
168,CAG
169,CAG
170,CAG
171,CAG
172,CAG
173,CAG
174,CAG
175,CAG
176,CAG
177,CAG
178,CAG
179,CAG
180,CAG
181,CAG
182,CAG
183,CAG
184,CAG
185,CAG
186,CAG
187,CAG
188,CAG
189,CAG
190,CAG
191,CAG
192,CAG
193,CAG
194,CAG
195,CAG
196,CAG
197,CAG
198,CAG
199,CAG
200,CAG
201,CAG
202,CAG
203,CAG
204,CAG
205,CAG
206,CAG
207,CAG
208,CAG
209,CAG
210,CAG
211,CAG
212,CAG
213,CAG
214,CAG
215,CAG
216,CAG
217,CAG
218,CAG
219,CAG
2,CAT
3,CAT
4,CAT
5,CAT
6,CAT
8,CAT
9,CAT
10,CAT
11,CAT
12,CAT
13,CAT
14,CAT
15,CAT
16,CAT
17,CAT
18,CAT
19,CAT
20,CAT
21,CAT
22,CAT
23,CAT
24,CAT
25,CAT
26,CAT
27,CAT
28,CAT
29,CAT
30,CAT
31,CAT
32,CAT
33,CAT
34,CAT
35,CAT
36,CAT
37,CAT
38,CAT
39,CAT
40,CAT
41,CAT
42,CAT
43,CAT
44,CAT
45,CAT
46,CAT
47,CAT
48,CAT
49,CAT
50,CAT
51,CAT
52,CAT
53,CAT
54,CAT
55,CAT
56,CAT
57,CAT
59,CAT
60,CAT
61,CAT
62,CAT
63,CAT
64,CAT
65,CAT
66,CAT
67,CAT
68,CAT
69,CAT
70,CAT
71,CAT
72,CAT
73,CAT
74,CAT
75,CAT
76,CAT
77,CAT
78,CAT
79,CAT
80,CAT
81,CAT
82,CAT
83,CAT
84,CAT
85,CAT
86,CAT
88,CAT
89,CAT
90,CAT
91,CAT
92,CAT
93,CAT
94,CAT
95,CAT
96,CAT
98,CAT
99,CAT
100,CAT
101,CAT
102,CAT
103,CAT
104,CAT
105,CAT
106,CAT
107,CAT
108,CAT
109,CAT
110,CAT
111,CAT
112,CAT
113,CAT
114,CAT
115,CAT
116,CAT
117,CAT
118,CAT
119,CAT
120,CAT
121,CAT
122,CAT
123,CAT
124,CAT
125,CAT
126,CAT
127,CAT
128,CAT
129,CAT
130,CAT
131,CAT
132,CAT
133,CAT
134,CAT
135,CAT
136,CAT
137,CAT
138,CAT
139,CAT
140,CAT
141,CAT
142,CAT
143,CAT
144,CAT
145,CAT
146,CAT
147,CAT
148,CAT
149,CAT
150,CAT
151,CAT
152,CAT
153,CAT
154,CAT
155,CAT
156,CAT
157,CAT
158,CAT
159,CAT
160,CAT
161,CAT
162,CAT
163,CAT
164,CAT
165,CAT
166,CAT
167,CAT
168,CAT
169,CAT
170,CAT
171,CAT
172,CAT
173,CAT
174,CAT
175,CAT
176,CAT
177,CAT
178,CAT
179,CAT
180,CAT
181,CAT
182,CAT
183,CAT
184,CAT
185,CAT
186,CAT
187,CAT
188,CAT
189,CAT
190,CAT
191,CAT
192,CAT
193,CAT
194,CAT
195,CAT
196,CAT
197,CAT
198,CAT
199,CAT
200,CAT
201,CAT
202,CAT
203,CAT
204,CAT
205,CAT
206,CAT
207,CAT
208,CAT
209,CAT
210,CAT
211,CAT
212,CAT
213,CAT
214,CAT
215,CAT
216,CAT
217,CAT
218,CAT
219,CAT
9,CCA
2,CCG
3,CCG
4,CCG
5,CCG
6,CCG
7,CCG
8,CCG
10,CCG
11,CCG
12,CCG
13,CCG
14,CCG
15,CCG
17,CCG
18,CCG
19,CCG
20,CCG
21,CCG
22,CCG
23,CCG
24,CCG
25,CCG
26,CCG
27,CCG
28,CCG
29,CCG
30,CCG
31,CCG
32,CCG
33,CCG
34,CCG
35,CCG
36,CCG
37,CCG
38,CCG
39,CCG
40,CCG
41,CCG
42,CCG
43,CCG
44,CCG
45,CCG
46,CCG
47,CCG
48,CCG
49,CCG
50,CCG
51,CCG
52,CCG
53,CCG
54,CCG
55,CCG
56,CCG
57,CCG
58,CCG
59,CCG
60,CCG
61,CCG
62,CCG
63,CCG
64,CCG
65,CCG
66,CCG
67,CCG
68,CCG
69,CCG
70,CCG
71,CCG
72,CCG
73,CCG
74,CCG
75,CCG
76,CCG
77,CCG
78,CCG
79,CCG
80,CCG
81,CCG
82,CCG
83,CCG
84,CCG
85,CCG
86,CCG
87,CCG
88,CCG
89,CCG
90,CCG
92,CCG
93,CCG
94,CCG
95,CCG
96,CCG
97,CCG
98,CCG
99,CCG
100,CCG
101,CCG
102,CCG
103,CCG
104,CCG
105,CCG
106,CCG
107,CCG
108,CCG
109,CCG
110,CCG
111,CCG
112,CCG
113,CCG
114,CCG
115,CCG
116,CCG
117,CCG
118,CCG
119,CCG
120,CCG
121,CCG
122,CCG
123,CCG
124,CCG
125,CCG
126,CCG
127,CCG
128,CCG
129,CCG
130,CCG
131,CCG
132,CCG
133,CCG
134,CCG
135,CCG
136,CCG
137,CCG
138,CCG
139,CCG
140,CCG
141,CCG
142,CCG
143,CCG
144,CCG
145,CCG
146,CCG
147,CCG
148,CCG
149,CCG
150,CCG
151,CCG
152,CCG
153,CCG
154,CCG
155,CCG
156,CCG
157,CCG
158,CCG
159,CCG
160,CCG
161,CCG
162,CCG
163,CCG
164,CCG
165,CCG
166,CCG
167,CCG
168,CCG
169,CCG
170,CCG
171,CCG
172,CCG
173,CCG
174,CCG
175,CCG
176,CCG
177,CCG
178,CCG
179,CCG
180,CCG
181,CCG
182,CCG
183,CCG
184,CCG
185,CCG
186,CCG
187,CCG
188,CCG
189,CCG
190,CCG
191,CCG
192,CCG
193,CCG
194,CCG
195,CCG
196,CCG
197,CCG
198,CCG
199,CCG
200,CCG
201,CCG
202,CCG
203,CCG
204,CCG
205,CCG
206,CCG
207,CCG
208,CCG
209,CCG
210,CCG
211,CCG
212,CCG
213,CCG
214,CCG
215,CCG
216,CCG
217,CCG
218,CCG
219,CCG
16,CCT
2,CGT
3,CGT
4,CGT
5,CGT
6,CGT
7,CGT
8,CGT
9,CGT
10,CGT
11,CGT
12,CGT
13,CGT
14,CGT
15,CGT
16,CGT
17,CGT
18,CGT
19,CGT
20,CGT
21,CGT
22,CGT
23,CGT
24,CGT
25,CGT
26,CGT
27,CGT
28,CGT
29,CGT
30,CGT
31,CGT
32,CGT
33,CGT
34,CGT
35,CGT
36,CGT
37,CGT
38,CGT
39,CGT
40,CGT
41,CGT
42,CGT
43,CGT
44,CGT
45,CGT
46,CGT
47,CGT
48,CGT
49,CGT
50,CGT
51,CGT
52,CGT
53,CGT
54,CGT
55,CGT
56,CGT
57,CGT
58,CGT
59,CGT
60,CGT
61,CGT
62,CGT
63,CGT
64,CGT
65,CGT
66,CGT
67,CGT
68,CGT
69,CGT
70,CGT
71,CGT
72,CGT
73,CGT
74,CGT
75,CGT
76,CGT
77,CGT
78,CGT
79,CGT
80,CGT
81,CGT
82,CGT
83,CGT
84,CGT
85,CGT
86,CGT
87,CGT
88,CGT
89,CGT
90,CGT
91,CGT
92,CGT
93,CGT
94,CGT
95,CGT
96,CGT
97,CGT
98,CGT
99,CGT
100,CGT
101,CGT
102,CGT
103,CGT
104,CGT
105,CGT
106,CGT
107,CGT
108,CGT
109,CGT
110,CGT
111,CGT
112,CGT
113,CGT
114,CGT
115,CGT
116,CGT
117,CGT
118,CGT
119,CGT
120,CGT
121,CGT
122,CGT
123,CGT
124,CGT
125,CGT
126,CGT
127,CGT
128,CGT
129,CGT
130,CGT
131,CGT
132,CGT
133,CGT
134,CGT
135,CGT
136,CGT
137,CGT
138,CGT
139,CGT
140,CGT
141,CGT
142,CGT
143,CGT
144,CGT
145,CGT
146,CGT
147,CGT
148,CGT
149,CGT
150,CGT
151,CGT
152,CGT
153,CGT
154,CGT
155,CGT
156,CGT
157,CGT
158,CGT
159,CGT
160,CGT
161,CGT
162,CGT
163,CGT
164,CGT
165,CGT
166,CGT
167,CGT
168,CGT
169,CGT
170,CGT
171,CGT
172,CGT
173,CGT
174,CGT
175,CGT
176,CGT
177,CGT
178,CGT
179,CGT
180,CGT
181,CGT
182,CGT
183,CGT
184,CGT
185,CGT
186,CGT
187,CGT
188,CGT
189,CGT
190,CGT
191,CGT
192,CGT
193,CGT
194,CGT
195,CGT
196,CGT
197,CGT
198,CGT
199,CGT
200,CGT
201,CGT
202,CGT
203,CGT
204,CGT
205,CGT
206,CGT
207,CGT
208,CGT
209,CGT
210,CGT
211,CGT
212,CGT
213,CGT
214,CGT
215,CGT
216,CGT
217,CGT
218,CGT
219,CGT
2,CTG
3,CTG
4,CTG
5,CTG
6,CTG
7,CTG
8,CTG
10,CTG
11,CTG
12,CTG
13,CTG
14,CTG
15,CTG
16,CTG
17,CTG
18,CTG
19,CTG
20,CTG
21,CTG
22,CTG
23,CTG
24,CTG
25,CTG
26,CTG
27,CTG
28,CTG
29,CTG
30,CTG
31,CTG
32,CTG
33,CTG
34,CTG
35,CTG
36,CTG
37,CTG
38,CTG
39,CTG
40,CTG
41,CTG
42,CTG
43,CTG
44,CTG
45,CTG
46,CTG
47,CTG
48,CTG
49,CTG
50,CTG
51,CTG
52,CTG
53,CTG
54,CTG
55,CTG
56,CTG
57,CTG
58,CTG
59,CTG
60,CTG
61,CTG
62,CTG
63,CTG
64,CTG
65,CTG
66,CTG
67,CTG
68,CTG
69,CTG
70,CTG
71,CTG
72,CTG
73,CTG
74,CTG
75,CTG
76,CTG
77,CTG
78,CTG
79,CTG
80,CTG
81,CTG
82,CTG
83,CTG
84,CTG
85,CTG
86,CTG
87,CTG
88,CTG
89,CTG
90,CTG
91,CTG
92,CTG
93,CTG
94,CTG
95,CTG
96,CTG
97,CTG
98,CTG
99,CTG
100,CTG
101,CTG
102,CTG
103,CTG
104,CTG
105,CTG
106,CTG
107,CTG
108,CTG
109,CTG
110,CTG
111,CTG
112,CTG
113,CTG
114,CTG
115,CTG
116,CTG
117,CTG
118,CTG
119,CTG
120,CTG
121,CTG
122,CTG
123,CTG
124,CTG
125,CTG
126,CTG
127,CTG
128,CTG
129,CTG
130,CTG
131,CTG
132,CTG
133,CTG
134,CTG
135,CTG
136,CTG
137,CTG
138,CTG
139,CTG
140,CTG
141,CTG
142,CTG
143,CTG
144,CTG
145,CTG
146,CTG
147,CTG
148,CTG
149,CTG
150,CTG
151,CTG
152,CTG
153,CTG
154,CTG
155,CTG
156,CTG
157,CTG
158,CTG
159,CTG
160,CTG
161,CTG
162,CTG
163,CTG
164,CTG
165,CTG
166,CTG
167,CTG
168,CTG
169,CTG
170,CTG
171,CTG
172,CTG
173,CTG
174,CTG
175,CTG
176,CTG
177,CTG
178,CTG
179,CTG
180,CTG
181,CTG
182,CTG
183,CTG
184,CTG
185,CTG
186,CTG
187,CTG
188,CTG
189,CTG
190,CTG
191,CTG
192,CTG
193,CTG
194,CTG
195,CTG
196,CTG
197,CTG
198,CTG
199,CTG
200,CTG
201,CTG
202,CTG
203,CTG
204,CTG
205,CTG
206,CTG
207,CTG
208,CTG
210,CTG
211,CTG
212,CTG
213,CTG
214,CTG
215,CTG
216,CTG
217,CTG
218,CTG
219,CTG
2,GAA
3,GAA
4,GAA
5,GAA
6,GAA
7,GAA
8,GAA
9,GAA
10,GAA
11,GAA
13,GAA
14,GAA
15,GAA
16,GAA
17,GAA
18,GAA
19,GAA
20,GAA
21,GAA
22,GAA
23,GAA
24,GAA
25,GAA
26,GAA
27,GAA
28,GAA
29,GAA
30,GAA
31,GAA
32,GAA
34,GAA
35,GAA
36,GAA
37,GAA
38,GAA
40,GAA
41,GAA
42,GAA
43,GAA
44,GAA
45,GAA
46,GAA
47,GAA
48,GAA
50,GAA
51,GAA
53,GAA
54,GAA
55,GAA
56,GAA
57,GAA
58,GAA
59,GAA
61,GAA
62,GAA
63,GAA
64,GAA
65,GAA
66,GAA
67,GAA
68,GAA
69,GAA
70,GAA
71,GAA
72,GAA
73,GAA
74,GAA
75,GAA
76,GAA
77,GAA
78,GAA
79,GAA
80,GAA
81,GAA
82,GAA
83,GAA
84,GAA
85,GAA
86,GAA
87,GAA
88,GAA
89,GAA
90,GAA
91,GAA
92,GAA
93,GAA
94,GAA
95,GAA
96,GAA
97,GAA
99,GAA
100,GAA
101,GAA
102,GAA
103,GAA
104,GAA
105,GAA
106,GAA
107,GAA
108,GAA
109,GAA
110,GAA
111,GAA
112,GAA
113,GAA
114,GAA
115,GAA
116,GAA
117,GAA
118,GAA
119,GAA
121,GAA
122,GAA
123,GAA
124,GAA
125,GAA
126,GAA
127,GAA
128,GAA
129,GAA
130,GAA
131,GAA
132,GAA
133,GAA
134,GAA
135,GAA
136,GAA
137,GAA
138,GAA
139,GAA
140,GAA
141,GAA
142,GAA
143,GAA
144,GAA
145,GAA
146,GAA
147,GAA
149,GAA
150,GAA
151,GAA
152,GAA
153,GAA
154,GAA
155,GAA
156,GAA
157,GAA
158,GAA
159,GAA
160,GAA
161,GAA
162,GAA
163,GAA
164,GAA
165,GAA
166,GAA
167,GAA
168,GAA
169,GAA
170,GAA
171,GAA
172,GAA
173,GAA
174,GAA
175,GAA
176,GAA
177,GAA
178,GAA
181,GAA
183,GAA
184,GAA
185,GAA
186,GAA
187,GAA
188,GAA
189,GAA
190,GAA
191,GAA
192,GAA
193,GAA
194,GAA
195,GAA
197,GAA
198,GAA
200,GAA
201,GAA
202,GAA
203,GAA
204,GAA
205,GAA
206,GAA
208,GAA
209,GAA
210,GAA
211,GAA
212,GAA
213,GAA
214,GAA
215,GAA
216,GAA
217,GAA
218,GAA
219,GAA
10,GAC
44,GAC
53,GAC
64,GAC
90,GAC
112,GAC
124,GAC
130,GAC
175,GAC
190,GAC
205,GAC
217,GAC
12,GAG
33,GAG
39,GAG
49,GAG
52,GAG
60,GAG
98,GAG
120,GAG
148,GAG
179,GAG
180,GAG
182,GAG
196,GAG
199,GAG
207,GAG
2,GAT
3,GAT
4,GAT
5,GAT
6,GAT
7,GAT
8,GAT
9,GAT
11,GAT
12,GAT
13,GAT
14,GAT
15,GAT
16,GAT
17,GAT
18,GAT
19,GAT
20,GAT
21,GAT
22,GAT
23,GAT
24,GAT
25,GAT
26,GAT
27,GAT
28,GAT
29,GAT
30,GAT
31,GAT
32,GAT
33,GAT
34,GAT
35,GAT
36,GAT
37,GAT
38,GAT
39,GAT
40,GAT
41,GAT
42,GAT
43,GAT
45,GAT
46,GAT
47,GAT
48,GAT
49,GAT
50,GAT
51,GAT
52,GAT
54,GAT
55,GAT
56,GAT
57,GAT
58,GAT
59,GAT
60,GAT
61,GAT
62,GAT
63,GAT
65,GAT
66,GAT
67,GAT
68,GAT
69,GAT
70,GAT
71,GAT
72,GAT
73,GAT
74,GAT
75,GAT
76,GAT
77,GAT
78,GAT
79,GAT
80,GAT
81,GAT
82,GAT
83,GAT
84,GAT
85,GAT
86,GAT
87,GAT
88,GAT
89,GAT
91,GAT
92,GAT
93,GAT
94,GAT
95,GAT
96,GAT
97,GAT
98,GAT
99,GAT
100,GAT
101,GAT
102,GAT
103,GAT
104,GAT
105,GAT
106,GAT
107,GAT
108,GAT
109,GAT
110,GAT
111,GAT
113,GAT
114,GAT
115,GAT
116,GAT
117,GAT
118,GAT
119,GAT
120,GAT
121,GAT
122,GAT
123,GAT
125,GAT
126,GAT
127,GAT
128,GAT
129,GAT
131,GAT
132,GAT
133,GAT
134,GAT
135,GAT
136,GAT
137,GAT
138,GAT
139,GAT
140,GAT
141,GAT
142,GAT
143,GAT
144,GAT
145,GAT
146,GAT
147,GAT
148,GAT
149,GAT
150,GAT
151,GAT
152,GAT
153,GAT
154,GAT
155,GAT
156,GAT
157,GAT
158,GAT
159,GAT
160,GAT
161,GAT
162,GAT
163,GAT
164,GAT
165,GAT
166,GAT
167,GAT
168,GAT
169,GAT
170,GAT
171,GAT
172,GAT
173,GAT
174,GAT
176,GAT
177,GAT
178,GAT
179,GAT
180,GAT
181,GAT
182,GAT
183,GAT
184,GAT
185,GAT
186,GAT
187,GAT
188,GAT
189,GAT
191,GAT
192,GAT
193,GAT
194,GAT
195,GAT
196,GAT
197,GAT
198,GAT
199,GAT
200,GAT
201,GAT
202,GAT
203,GAT
204,GAT
206,GAT
207,GAT
208,GAT
209,GAT
210,GAT
211,GAT
212,GAT
213,GAT
214,GAT
215,GAT
216,GAT
218,GAT
219,GAT
2,GCA
3,GCA
4,GCA
5,GCA
6,GCA
7,GCA
8,GCA
9,GCA
10,GCA
11,GCA
12,GCA
13,GCA
14,GCA
15,GCA
16,GCA
17,GCA
18,GCA
19,GCA
20,GCA
21,GCA
22,GCA
23,GCA
24,GCA
25,GCA
26,GCA
27,GCA
28,GCA
29,GCA
30,GCA
31,GCA
32,GCA
33,GCA
34,GCA
35,GCA
36,GCA
37,GCA
38,GCA
39,GCA
40,GCA
41,GCA
42,GCA
43,GCA
44,GCA
45,GCA
46,GCA
47,GCA
48,GCA
49,GCA
50,GCA
51,GCA
52,GCA
53,GCA
54,GCA
55,GCA
56,GCA
57,GCA
58,GCA
59,GCA
60,GCA
61,GCA
62,GCA
63,GCA
64,GCA
65,GCA
66,GCA
67,GCA
68,GCA
69,GCA
70,GCA
71,GCA
72,GCA
73,GCA
74,GCA
75,GCA
76,GCA
77,GCA
78,GCA
79,GCA
80,GCA
81,GCA
82,GCA
83,GCA
84,GCA
86,GCA
87,GCA
88,GCA
89,GCA
90,GCA
91,GCA
92,GCA
93,GCA
94,GCA
95,GCA
96,GCA
97,GCA
98,GCA
99,GCA
100,GCA
101,GCA
102,GCA
103,GCA
104,GCA
105,GCA
106,GCA
107,GCA
108,GCA
109,GCA
110,GCA
111,GCA
112,GCA
113,GCA
114,GCA
115,GCA
116,GCA
117,GCA
118,GCA
119,GCA
120,GCA
121,GCA
122,GCA
123,GCA
124,GCA
125,GCA
126,GCA
127,GCA
128,GCA
129,GCA
130,GCA
131,GCA
132,GCA
133,GCA
134,GCA
135,GCA
136,GCA
137,GCA
138,GCA
139,GCA
140,GCA
141,GCA
142,GCA
144,GCA
145,GCA
146,GCA
148,GCA
149,GCA
150,GCA
151,GCA
152,GCA
153,GCA
154,GCA
155,GCA
156,GCA
157,GCA
158,GCA
159,GCA
160,GCA
161,GCA
162,GCA
163,GCA
164,GCA
165,GCA
166,GCA
167,GCA
168,GCA
169,GCA
170,GCA
171,GCA
172,GCA
173,GCA
174,GCA
175,GCA
176,GCA
177,GCA
178,GCA
179,GCA
180,GCA
181,GCA
182,GCA
183,GCA
184,GCA
185,GCA
186,GCA
187,GCA
188,GCA
189,GCA
190,GCA
191,GCA
192,GCA
193,GCA
194,GCA
195,GCA
196,GCA
197,GCA
198,GCA
199,GCA
200,GCA
201,GCA
202,GCA
203,GCA
204,GCA
205,GCA
206,GCA
207,GCA
208,GCA
209,GCA
210,GCA
211,GCA
212,GCA
213,GCA
214,GCA
215,GCA
216,GCA
217,GCA
218,GCA
219,GCA
85,GCC
143,GCC
147,GCC
75,GGC
84,GGC
102,GGC
128,GGC
162,GGC
2,GGT
3,GGT
4,GGT
5,GGT
6,GGT
7,GGT
8,GGT
9,GGT
10,GGT
11,GGT
12,GGT
13,GGT
14,GGT
15,GGT
16,GGT
17,GGT
18,GGT
19,GGT
20,GGT
21,GGT
22,GGT
23,GGT
24,GGT
25,GGT
26,GGT
27,GGT
28,GGT
29,GGT
30,GGT
31,GGT
32,GGT
33,GGT
34,GGT
35,GGT
36,GGT
37,GGT
38,GGT
39,GGT
40,GGT
41,GGT
42,GGT
43,GGT
44,GGT
45,GGT
46,GGT
47,GGT
48,GGT
49,GGT
50,GGT
51,GGT
52,GGT
53,GGT
54,GGT
55,GGT
56,GGT
57,GGT
58,GGT
59,GGT
60,GGT
61,GGT
62,GGT
63,GGT
64,GGT
65,GGT
66,GGT
67,GGT
68,GGT
69,GGT
70,GGT
71,GGT
72,GGT
73,GGT
74,GGT
76,GGT
77,GGT
78,GGT
79,GGT
80,GGT
81,GGT
82,GGT
83,GGT
85,GGT
86,GGT
87,GGT
88,GGT
89,GGT
90,GGT
91,GGT
92,GGT
93,GGT
94,GGT
95,GGT
96,GGT
97,GGT
98,GGT
99,GGT
100,GGT
101,GGT
103,GGT
104,GGT
105,GGT
106,GGT
107,GGT
108,GGT
109,GGT
110,GGT
111,GGT
112,GGT
113,GGT
114,GGT
115,GGT
116,GGT
117,GGT
118,GGT
119,GGT
120,GGT
121,GGT
122,GGT
123,GGT
124,GGT
125,GGT
126,GGT
127,GGT
129,GGT
130,GGT
131,GGT
132,GGT
133,GGT
134,GGT
135,GGT
136,GGT
137,GGT
138,GGT
139,GGT
140,GGT
141,GGT
142,GGT
143,GGT
144,GGT
145,GGT
146,GGT
147,GGT
148,GGT
149,GGT
150,GGT
151,GGT
152,GGT
153,GGT
154,GGT
155,GGT
156,GGT
157,GGT
158,GGT
159,GGT
160,GGT
161,GGT
163,GGT
164,GGT
165,GGT
166,GGT
167,GGT
168,GGT
169,GGT
170,GGT
171,GGT
172,GGT
173,GGT
174,GGT
175,GGT
176,GGT
177,GGT
178,GGT
179,GGT
180,GGT
181,GGT
182,GGT
183,GGT
184,GGT
185,GGT
186,GGT
187,GGT
188,GGT
189,GGT
190,GGT
191,GGT
192,GGT
193,GGT
194,GGT
195,GGT
196,GGT
197,GGT
198,GGT
199,GGT
200,GGT
201,GGT
202,GGT
203,GGT
204,GGT
205,GGT
206,GGT
207,GGT
208,GGT
209,GGT
210,GGT
211,GGT
212,GGT
213,GGT
214,GGT
215,GGT
216,GGT
217,GGT
218,GGT
219,GGT
150,GTG
155,GTG
177,GTG
2,GTT
3,GTT
4,GTT
5,GTT
6,GTT
7,GTT
8,GTT
9,GTT
10,GTT
11,GTT
12,GTT
13,GTT
14,GTT
15,GTT
16,GTT
17,GTT
18,GTT
19,GTT
20,GTT
21,GTT
22,GTT
23,GTT
24,GTT
25,GTT
26,GTT
27,GTT
28,GTT
29,GTT
30,GTT
31,GTT
32,GTT
33,GTT
34,GTT
35,GTT
36,GTT
37,GTT
38,GTT
39,GTT
40,GTT
41,GTT
42,GTT
43,GTT
44,GTT
45,GTT
46,GTT
47,GTT
48,GTT
49,GTT
50,GTT
51,GTT
52,GTT
53,GTT
54,GTT
55,GTT
56,GTT
57,GTT
58,GTT
59,GTT
60,GTT
61,GTT
62,GTT
63,GTT
64,GTT
65,GTT
66,GTT
67,GTT
68,GTT
69,GTT
70,GTT
71,GTT
72,GTT
73,GTT
74,GTT
75,GTT
76,GTT
77,GTT
78,GTT
79,GTT
80,GTT
81,GTT
82,GTT
83,GTT
84,GTT
85,GTT
86,GTT
87,GTT
88,GTT
89,GTT
90,GTT
91,GTT
92,GTT
93,GTT
94,GTT
95,GTT
96,GTT
97,GTT
98,GTT
99,GTT
100,GTT
101,GTT
102,GTT
103,GTT
104,GTT
105,GTT
106,GTT
107,GTT
108,GTT
109,GTT
110,GTT
111,GTT
112,GTT
113,GTT
114,GTT
115,GTT
116,GTT
117,GTT
118,GTT
119,GTT
120,GTT
121,GTT
122,GTT
123,GTT
124,GTT
125,GTT
126,GTT
127,GTT
128,GTT
129,GTT
130,GTT
131,GTT
132,GTT
133,GTT
134,GTT
135,GTT
136,GTT
137,GTT
138,GTT
139,GTT
140,GTT
141,GTT
142,GTT
143,GTT
144,GTT
145,GTT
146,GTT
147,GTT
148,GTT
149,GTT
151,GTT
152,GTT
153,GTT
154,GTT
156,GTT
157,GTT
158,GTT
159,GTT
160,GTT
161,GTT
162,GTT
163,GTT
164,GTT
165,GTT
166,GTT
167,GTT
168,GTT
169,GTT
170,GTT
171,GTT
172,GTT
173,GTT
174,GTT
175,GTT
176,GTT
178,GTT
179,GTT
180,GTT
181,GTT
182,GTT
183,GTT
184,GTT
185,GTT
186,GTT
187,GTT
188,GTT
189,GTT
190,GTT
191,GTT
192,GTT
193,GTT
194,GTT
195,GTT
196,GTT
197,GTT
198,GTT
199,GTT
200,GTT
201,GTT
202,GTT
203,GTT
204,GTT
205,GTT
206,GTT
207,GTT
208,GTT
209,GTT
210,GTT
211,GTT
212,GTT
213,GTT
214,GTT
215,GTT
216,GTT
217,GTT
218,GTT
219,GTT
2,TAA
3,TAA
4,TAA
5,TAA
6,TAA
7,TAA
8,TAA
9,TAA
10,TAA
11,TAA
12,TAA
13,TAA
14,TAA
15,TAA
16,TAA
17,TAA
18,TAA
19,TAA
20,TAA
21,TAA
22,TAA
23,TAA
24,TAA
25,TAA
26,TAA
27,TAA
28,TAA
29,TAA
30,TAA
31,TAA
32,TAA
33,TAA
34,TAA
35,TAA
36,TAA
37,TAA
38,TAA
39,TAA
40,TAA
41,TAA
42,TAA
43,TAA
44,TAA
45,TAA
46,TAA
47,TAA
48,TAA
49,TAA
50,TAA
51,TAA
52,TAA
53,TAA
54,TAA
55,TAA
56,TAA
57,TAA
58,TAA
59,TAA
60,TAA
61,TAA
62,TAA
63,TAA
64,TAA
65,TAA
66,TAA
67,TAA
68,TAA
69,TAA
70,TAA
71,TAA
72,TAA
73,TAA
74,TAA
75,TAA
76,TAA
77,TAA
78,TAA
79,TAA
80,TAA
81,TAA
82,TAA
83,TAA
84,TAA
85,TAA
86,TAA
87,TAA
88,TAA
89,TAA
90,TAA
91,TAA
92,TAA
93,TAA
94,TAA
95,TAA
96,TAA
97,TAA
98,TAA
99,TAA
100,TAA
101,TAA
102,TAA
103,TAA
104,TAA
105,TAA
106,TAA
107,TAA
108,TAA
109,TAA
110,TAA
111,TAA
112,TAA
113,TAA
114,TAA
115,TAA
116,TAA
117,TAA
118,TAA
119,TAA
120,TAA
121,TAA
122,TAA
123,TAA
124,TAA
125,TAA
126,TAA
127,TAA
128,TAA
129,TAA
130,TAA
131,TAA
132,TAA
133,TAA
134,TAA
135,TAA
136,TAA
137,TAA
138,TAA
139,TAA
140,TAA
141,TAA
142,TAA
143,TAA
144,TAA
145,TAA
146,TAA
147,TAA
148,TAA
149,TAA
151,TAA
152,TAA
153,TAA
154,TAA
155,TAA
156,TAA
157,TAA
158,TAA
159,TAA
160,TAA
161,TAA
162,TAA
163,TAA
164,TAA
165,TAA
166,TAA
167,TAA
168,TAA
169,TAA
170,TAA
171,TAA
172,TAA
173,TAA
174,TAA
175,TAA
176,TAA
177,TAA
178,TAA
179,TAA
180,TAA
181,TAA
183,TAA
184,TAA
185,TAA
186,TAA
187,TAA
188,TAA
189,TAA
190,TAA
191,TAA
192,TAA
193,TAA
194,TAA
195,TAA
196,TAA
197,TAA
198,TAA
199,TAA
200,TAA
201,TAA
202,TAA
203,TAA
204,TAA
205,TAA
206,TAA
207,TAA
208,TAA
209,TAA
210,TAA
211,TAA
212,TAA
213,TAA
214,TAA
215,TAA
216,TAA
217,TAA
218,TAA
40,TAC
42,TAC
43,TAC
57,TAC
59,TAC
94,TAC
106,TAC
158,TAC
2,TAT
3,TAT
4,TAT
5,TAT
6,TAT
7,TAT
8,TAT
9,TAT
10,TAT
11,TAT
12,TAT
13,TAT
14,TAT
15,TAT
16,TAT
17,TAT
18,TAT
19,TAT
20,TAT
21,TAT
22,TAT
23,TAT
24,TAT
25,TAT
26,TAT
27,TAT
28,TAT
29,TAT
30,TAT
31,TAT
32,TAT
33,TAT
34,TAT
35,TAT
36,TAT
37,TAT
38,TAT
39,TAT
41,TAT
44,TAT
45,TAT
46,TAT
47,TAT
48,TAT
49,TAT
50,TAT
51,TAT
52,TAT
53,TAT
54,TAT
55,TAT
56,TAT
58,TAT
60,TAT
61,TAT
62,TAT
63,TAT
64,TAT
65,TAT
66,TAT
67,TAT
68,TAT
69,TAT
70,TAT
71,TAT
72,TAT
73,TAT
74,TAT
75,TAT
76,TAT
77,TAT
78,TAT
79,TAT
80,TAT
81,TAT
82,TAT
83,TAT
84,TAT
85,TAT
86,TAT
87,TAT
88,TAT
89,TAT
90,TAT
91,TAT
92,TAT
93,TAT
95,TAT
96,TAT
97,TAT
98,TAT
99,TAT
100,TAT
101,TAT
102,TAT
103,TAT
104,TAT
105,TAT
107,TAT
108,TAT
109,TAT
110,TAT
111,TAT
112,TAT
113,TAT
114,TAT
115,TAT
116,TAT
117,TAT
118,TAT
119,TAT
120,TAT
121,TAT
122,TAT
123,TAT
124,TAT
125,TAT
126,TAT
127,TAT
128,TAT
129,TAT
130,TAT
131,TAT
132,TAT
133,TAT
134,TAT
135,TAT
136,TAT
137,TAT
138,TAT
139,TAT
140,TAT
141,TAT
142,TAT
143,TAT
144,TAT
145,TAT
146,TAT
147,TAT
148,TAT
149,TAT
151,TAT
152,TAT
153,TAT
154,TAT
155,TAT
156,TAT
157,TAT
159,TAT
160,TAT
161,TAT
162,TAT
163,TAT
164,TAT
165,TAT
166,TAT
167,TAT
168,TAT
169,TAT
170,TAT
171,TAT
172,TAT
173,TAT
174,TAT
175,TAT
176,TAT
177,TAT
178,TAT
179,TAT
180,TAT
181,TAT
182,TAT
183,TAT
184,TAT
185,TAT
186,TAT
187,TAT
188,TAT
189,TAT
190,TAT
191,TAT
192,TAT
193,TAT
194,TAT
195,TAT
196,TAT
197,TAT
198,TAT
199,TAT
200,TAT
201,TAT
202,TAT
203,TAT
204,TAT
205,TAT
206,TAT
207,TAT
208,TAT
209,TAT
210,TAT
211,TAT
212,TAT
213,TAT
214,TAT
215,TAT
216,TAT
217,TAT
218,TAT
219,TAT
50,TCT
55,TCT
70,TCT
79,TCT
167,TCT
172,TCT
181,TCT
183,TCT
182,TGA
72,TGC
2,TGG
3,TGG
4,TGG
5,TGG
6,TGG
7,TGG
8,TGG
10,TGG
11,TGG
12,TGG
13,TGG
14,TGG
15,TGG
16,TGG
17,TGG
18,TGG
19,TGG
20,TGG
21,TGG
22,TGG
23,TGG
24,TGG
25,TGG
26,TGG
27,TGG
28,TGG
29,TGG
30,TGG
31,TGG
32,TGG
33,TGG
34,TGG
35,TGG
36,TGG
37,TGG
38,TGG
39,TGG
40,TGG
41,TGG
42,TGG
43,TGG
44,TGG
45,TGG
46,TGG
47,TGG
48,TGG
49,TGG
50,TGG
51,TGG
52,TGG
53,TGG
54,TGG
55,TGG
56,TGG
57,TGG
58,TGG
59,TGG
60,TGG
61,TGG
62,TGG
63,TGG
64,TGG
65,TGG
66,TGG
67,TGG
68,TGG
69,TGG
70,TGG
71,TGG
72,TGG
73,TGG
74,TGG
75,TGG
76,TGG
77,TGG
78,TGG
79,TGG
80,TGG
81,TGG
82,TGG
83,TGG
84,TGG
85,TGG
86,TGG
87,TGG
88,TGG
89,TGG
90,TGG
91,TGG
92,TGG
93,TGG
94,TGG
95,TGG
96,TGG
97,TGG
98,TGG
99,TGG
100,TGG
101,TGG
102,TGG
104,TGG
105,TGG
106,TGG
107,TGG
108,TGG
109,TGG
110,TGG
111,TGG
112,TGG
113,TGG
114,TGG
115,TGG
116,TGG
117,TGG
118,TGG
119,TGG
120,TGG
121,TGG
122,TGG
123,TGG
124,TGG
125,TGG
127,TGG
128,TGG
129,TGG
130,TGG
131,TGG
132,TGG
133,TGG
134,TGG
135,TGG
136,TGG
137,TGG
138,TGG
139,TGG
140,TGG
141,TGG
142,TGG
143,TGG
144,TGG
145,TGG
146,TGG
147,TGG
148,TGG
149,TGG
151,TGG
152,TGG
153,TGG
154,TGG
155,TGG
156,TGG
157,TGG
158,TGG
159,TGG
160,TGG
161,TGG
162,TGG
163,TGG
164,TGG
165,TGG
166,TGG
167,TGG
168,TGG
169,TGG
170,TGG
171,TGG
172,TGG
173,TGG
174,TGG
175,TGG
176,TGG
177,TGG
178,TGG
179,TGG
180,TGG
182,TGG
183,TGG
184,TGG
185,TGG
188,TGG
189,TGG
190,TGG
191,TGG
192,TGG
193,TGG
194,TGG
195,TGG
196,TGG
197,TGG
198,TGG
199,TGG
200,TGG
201,TGG
202,TGG
203,TGG
204,TGG
205,TGG
206,TGG
207,TGG
208,TGG
209,TGG
210,TGG
211,TGG
212,TGG
213,TGG
214,TGG
215,TGG
216,TGG
217,TGG
218,TGG
219,TGG
2,TGT
3,TGT
4,TGT
5,TGT
6,TGT
7,TGT
8,TGT
9,TGT
10,TGT
11,TGT
12,TGT
13,TGT
14,TGT
15,TGT
16,TGT
17,TGT
18,TGT
19,TGT
20,TGT
21,TGT
22,TGT
23,TGT
24,TGT
25,TGT
26,TGT
27,TGT
28,TGT
29,TGT
30,TGT
31,TGT
32,TGT
33,TGT
34,TGT
35,TGT
36,TGT
37,TGT
38,TGT
39,TGT
40,TGT
41,TGT
42,TGT
43,TGT
44,TGT
45,TGT
46,TGT
47,TGT
48,TGT
49,TGT
50,TGT
51,TGT
52,TGT
53,TGT
54,TGT
55,TGT
56,TGT
57,TGT
58,TGT
59,TGT
60,TGT
61,TGT
62,TGT
63,TGT
64,TGT
65,TGT
66,TGT
67,TGT
68,TGT
69,TGT
70,TGT
71,TGT
73,TGT
74,TGT
75,TGT
76,TGT
77,TGT
78,TGT
79,TGT
80,TGT
81,TGT
82,TGT
83,TGT
84,TGT
85,TGT
86,TGT
87,TGT
88,TGT
89,TGT
90,TGT
91,TGT
92,TGT
93,TGT
94,TGT
95,TGT
96,TGT
97,TGT
98,TGT
99,TGT
100,TGT
101,TGT
102,TGT
103,TGT
104,TGT
105,TGT
106,TGT
107,TGT
108,TGT
109,TGT
110,TGT
111,TGT
112,TGT
113,TGT
114,TGT
115,TGT
116,TGT
117,TGT
118,TGT
119,TGT
120,TGT
121,TGT
122,TGT
123,TGT
124,TGT
125,TGT
126,TGT
127,TGT
128,TGT
129,TGT
130,TGT
131,TGT
132,TGT
133,TGT
134,TGT
135,TGT
136,TGT
137,TGT
138,TGT
139,TGT
140,TGT
141,TGT
142,TGT
143,TGT
144,TGT
145,TGT
146,TGT
147,TGT
148,TGT
149,TGT
151,TGT
152,TGT
153,TGT
154,TGT
155,TGT
156,TGT
157,TGT
158,TGT
159,TGT
160,TGT
161,TGT
162,TGT
163,TGT
164,TGT
165,TGT
166,TGT
167,TGT
168,TGT
169,TGT
170,TGT
171,TGT
172,TGT
173,TGT
174,TGT
175,TGT
176,TGT
177,TGT
178,TGT
179,TGT
180,TGT
181,TGT
182,TGT
183,TGT
184,TGT
185,TGT
186,TGT
187,TGT
188,TGT
189,TGT
190,TGT
191,TGT
192,TGT
193,TGT
194,TGT
195,TGT
196,TGT
197,TGT
198,TGT
199,TGT
200,TGT
201,TGT
202,TGT
203,TGT
204,TGT
205,TGT
206,TGT
207,TGT
208,TGT
209,TGT
210,TGT
211,TGT
212,TGT
213,TGT
214,TGT
215,TGT
216,TGT
217,TGT
218,TGT
219,TGT
9,TTA
209,TTA
25,TTC
51,TTC
71,TTC
80,TTC
96,TTC
168,TTC
173,TTC
2,TTT
3,TTT
4,TTT
5,TTT
6,TTT
7,TTT
8,TTT
9,TTT
10,TTT
11,TTT
12,TTT
13,TTT
14,TTT
15,TTT
16,TTT
17,TTT
18,TTT
19,TTT
20,TTT
21,TTT
22,TTT
23,TTT
24,TTT
26,TTT
27,TTT
28,TTT
29,TTT
30,TTT
31,TTT
32,TTT
33,TTT
34,TTT
35,TTT
36,TTT
37,TTT
38,TTT
39,TTT
40,TTT
41,TTT
42,TTT
43,TTT
44,TTT
45,TTT
46,TTT
47,TTT
48,TTT
49,TTT
50,TTT
52,TTT
53,TTT
54,TTT
55,TTT
56,TTT
57,TTT
58,TTT
59,TTT
60,TTT
61,TTT
62,TTT
63,TTT
64,TTT
65,TTT
66,TTT
67,TTT
68,TTT
69,TTT
70,TTT
72,TTT
73,TTT
74,TTT
75,TTT
76,TTT
77,TTT
78,TTT
79,TTT
81,TTT
82,TTT
83,TTT
84,TTT
85,TTT
86,TTT
87,TTT
88,TTT
89,TTT
90,TTT
91,TTT
92,TTT
93,TTT
94,TTT
95,TTT
97,TTT
98,TTT
99,TTT
100,TTT
101,TTT
102,TTT
103,TTT
104,TTT
105,TTT
106,TTT
107,TTT
108,TTT
109,TTT
110,TTT
111,TTT
112,TTT
113,TTT
114,TTT
115,TTT
116,TTT
117,TTT
118,TTT
119,TTT
120,TTT
121,TTT
122,TTT
123,TTT
124,TTT
125,TTT
126,TTT
127,TTT
128,TTT
129,TTT
130,TTT
131,TTT
132,TTT
133,TTT
134,TTT
135,TTT
136,TTT
137,TTT
138,TTT
139,TTT
140,TTT
141,TTT
142,TTT
143,TTT
144,TTT
145,TTT
146,TTT
147,TTT
148,TTT
149,TTT
151,TTT
152,TTT
153,TTT
154,TTT
155,TTT
156,TTT
157,TTT
158,TTT
159,TTT
160,TTT
161,TTT
162,TTT
163,TTT
164,TTT
165,TTT
166,TTT
167,TTT
169,TTT
170,TTT
171,TTT
172,TTT
174,TTT
175,TTT
176,TTT
177,TTT
178,TTT
179,TTT
180,TTT
181,TTT
182,TTT
183,TTT
184,TTT
185,TTT
186,TTT
187,TTT
188,TTT
189,TTT
190,TTT
191,TTT
192,TTT
193,TTT
194,TTT
195,TTT
196,TTT
197,TTT
198,TTT
199,TTT
200,TTT
201,TTT
202,TTT
203,TTT
204,TTT
205,TTT
206,TTT
207,TTT
208,TTT
209,TTT
210,TTT
211,TTT
212,TTT
213,TTT
214,TTT
215,TTT
216,TTT
217,TTT
218,TTT
219,TTT
